id,title,content,summary
2,What real trade negotiations look like (hint: not Trump's),"Politico
:
Trump announced the framework for a trade deal with the U.K., the first agreement the White House has reached since launching steep new global tariffs last month.
The final details are … [+4794 chars]","Sure, here is a summary of the article in 3-4 lines:

President Trump announced a framework for a trade deal with the UK, marking the first agreement reached by the White House since imposing new global tariffs. The final details are still being worked out, but the deal aims to promote fair and reciprocal trade between the two countries. The agreement is seen as a positive development in the wake of increasing tensions between the US and UK over trade policies."
3,Europe Needs an Economic NATO | Opinion,"Europe is losing ground fast. Since 2000, productivity growth has lagged 30 percent behind the U.S. The same trend holds for venture capital (VC). Over the past decade, the European Union (EU) has av… [+5261 chars]","Europe is experiencing a significant decline in productivity growth and venture capital compared to the United States. Since 2000, productivity growth in Europe has lagged behind the U.S by 30%, while venture capital investments in Europe have fallen significantly short of those in the U.S over the past decade. This trend is concerning for the European economy and may impact its ability to compete globally."
4,Levi & Korsinsky Notifies Shareholders of Perpetua Resources Corp.(PPTA) of a Class Action Lawsuit and an Upcoming Deadline,"NEW YORK, May 08, 2025 (GLOBE NEWSWIRE) -- Levi &amp; Korsinsky, LLP notifies investors in Perpetua Resources Corp. (""Perpetua Resources Corp."" or the ""Company"") (NASDAQ: PPTA) of a class action secu… [+2971 chars]","Levi & Korsinsky, LLP has filed a class action lawsuit against Perpetua Resources Corp. (PPTA) due to potential violations of securities laws. The lawsuit alleges that the company made false and misleading statements to investors regarding its business operations and financial performance. The plaintiff seeks damages on behalf of all purchasers of the company's stock between May 2022 and February 2023."
5,DRML Miner: The innovative leader in future cryptocurrency mining,"New York, NY, May 08, 2025 (GLOBE NEWSWIRE) -- The story of DRMLMiner stems from a deep understanding of digital currency and a keen insight into future technology. The founding team is composed of a… [+7142 chars]","Sure! Here's a summary of the article in 3-4 lines:

The article discusses DRMLMiner, a new cryptocurrency mining operation that has gained significant attention due to its innovative approach and deep understanding of digital currency. The founding team consists of experienced professionals with a keen insight into future technology, giving them an edge in the rapidly evolving industry. With a focus on sustainability and efficiency, DRMLMiner is poised to make a lasting impact in the cryptocurrency market."
6,"Until Gone - Acer Chromebook 315 with 15.6"" Display $109.99","<ul><li>The deal price using the provided promo code is $109.99, which brings it slightly below the typical market price for a basic, entry-level Chromebook.</li><li>Acer is a well-known brand in the… [+943 chars]","Sure! Here's a summary of the article in 3-4 lines:

Acer has announced a promotional deal for its basic, entry-level Chromebook, which is currently priced at $109.99 using a provided promo code. This brings the price slightly below the typical market price for the device. Acer is a well-known brand in the technology industry and this offer provides a more affordable option for those looking for a Chromebook."
7,Trump Says Slow Traffic at U.S. Ports 'Means We Lose Less Money',"Speaking Thursday from the Oval Office, president Donald Trump addressed concerns about reduced traffic at ports as a result of his administration's steep tariffs. ""That's good. That means we lose le… [+2344 chars]","President Donald Trump addressed concerns about reduced traffic at ports due to his administration's steep tariffs, stating that it is ""good"" and results in the US losing less money. The reduction in traffic is seen as a negative impact on the economy, as it can lead to delays and increased costs for businesses relying on international trade."
8,Fun and Easy DIY Pinball Game For Kids,Today we’re making a DIY pinball game! Kids of all ages will have a blast playing with this DIY pinball game. It’s very similar to that arcade game that used to be so popular. Whether you have little… [+4157 chars],"Sure, here's a summary of the article in 3-4 lines:

A new DIY pinball game is being created that is similar to the classic arcade game. It's designed for kids of all ages and can be made at home with minimal materials. The game is easy to assemble and play, making it a fun and accessible activity for families and groups."
9,What’s in the U.S.-U.K. trade deal and what does it mean for Canada?,"The United States and United Kingdom announced a trade deal Thursday, the first significant pact since U.S. President Donald Trump unleashed his so-called Liberation Day tariffs on April 2. Those tar… [+3099 chars]","The United States and United Kingdom have reached a trade deal, marking the first significant agreement since President Donald Trump's ""Liberation Day"" tariffs were imposed in April. The deal is seen as a positive development for both countries and comes after months of negotiations. However, the exact terms of the agreement have not been disclosed."
10,Quantum Computing Stocks: D-Wave Earnings Beat. Path To Profitability In Sight?,D-Wave Quantum (QBTS) on Thursday reported a smaller-than-expected first quarter loss while revenue topped views as investors focus on the near-term growth outlook for quantum computing stocks. D-Wav… [+144 chars],"D-Wave Quantum (QBTS) reported a smaller-than-expected first quarter loss and topped revenue views, with investors focusing on near-term growth prospects in the quantum computing space. Despite the loss, shares of D-Wave surged 12% after hours on Thursday. The company's revenue was driven by increased sales of its quantum computing systems and services."
11,6 Ways Millennials Are Winning at Financial Minimalism and How Every Generation Can Benefit,"{ window.open(this.href, '_blank'); }, 200); return false;""&gt;Why did Bitcoin surpass $100K today? { window.open(this.href, '_blank'); }, 200); return false;""&gt;How will US-UK trade deal affect tar… [+897 chars]","Sure! Here's a summary of the financial news article in 3-4 lines:

Bitcoin surpassed $100,000 today due to a combination of factors including increased institutional investment and global economic uncertainty. The US-UK trade deal is expected to have a significant impact on tariffs and trade policies, with potential implications for the cryptocurrency market. However, the exact effects of the deal are still unclear and will depend on the specific terms and conditions agreed upon by both countries."
12,"Panthers release Jadeveon Clowney: Examining potential landing spots, including Commanders","The Carolina Panthers have released one of their starting pass rushers from last season, the team announced Thursday, parting ways with Jadeveon Clowney. Clowney was due around $8.53 million in salar… [+3110 chars]","The Carolina Panthers have released Jadeveon Clowney, a starting pass rusher from last season, due to his high salary of around $8.53 million. This move allows the team to save money and allocate resources elsewhere."
13,"Apple is developing specialized chips for smart glasses and AI servers, Bloomberg News reports","(Reuters) -Apple is developing specialized chips that will power future devices including its first smart glasses, artificial intelligence servers and new MacBooks, Bloomberg News reported on Thursda… [+1722 chars]","Sure! Here's a summary of the article in 3-4 lines:

Apple is reportedly developing specialized chips for future devices such as smart glasses, AI servers, and new MacBooks. The company is investing heavily in chip research and development to improve performance and efficiency. The new chips are expected to provide significant processing power and energy efficiency gains compared to current hardware. This move is part of Apple's effort to increase its control over the supply chain and differentiate its products from those of competitors."
14,"Apple is developing specialized chips for smart glasses and AI servers, Bloomberg News reports","Apple is developing specialized chips that will power future devices including its first smart glasses, artificial intelligence servers and new MacBooks, Bloomberg News reported on Thursday. 
The iP… [+1649 chars]","Sure! Here's a summary of the article in 3-4 lines:

Apple is reportedly developing specialized chips for its future devices, including smart glasses, artificial intelligence servers, and new MacBooks. These chips are expected to provide significant performance boosts compared to current Apple processors. The news suggests that Apple is investing heavily in chip development as it looks to expand its product lineup and remain competitive in the technology industry."
15,Private Equity is Coming to a 401k Plan Near You,"At a recent investor day presentation, KKR CEO Scott Nuttall talked about the huge potential for private investments in retirement plans like 401ks and targetdate funds:
Apollo’s Marc Rowan made a s… [+5900 chars]","Sure! Here is a summary of the financial news article in 3-4 lines:

KKR CEO Scott Nuttall discussed the potential for private investments in retirement plans, such as 401ks and targetdate funds, during a recent investor day presentation. Apollo's Marc Rowan also made a similar point, highlighting the growing trend of using alternative investments in retirement portfolios. The article notes that this could lead to increased demand for private equity and other alternative assets, which could benefit firms like KKR and Apollo."
17,European Stocks Climb as Trump Touts US-UK Trade Agreement,"(Bloomberg) European equities snapped a two-day losing streak on Thursday as investor confidence was boosted by a US-UK trade deal announced by US President Donald Trump.
THIS CONTENT IS RESERVED FO… [+5050 chars]","European equities rebounded on Thursday after a two-day slide, buoyed by news of a US-UK trade deal announced by US President Donald Trump. The agreement is expected to boost economic growth and investor confidence in the region. However, the content you are trying to access is not available for sharing or republication due to copyright restrictions."
18,British Airways Parent Set to Order About 30 Boeing Jets,"{ window.open(this.href, '_blank'); }, 200); return false;""&gt;Why did Bitcoin surpass $100K today? { window.open(this.href, '_blank'); }, 200); return false;""&gt;How will US-UK trade deal affect tar… [+921 chars]","Sure! Here's a summary of the article in 3-4 lines:

Bitcoin surpassed $100,000 today due to a combination of factors such as increased institutional investment and global economic uncertainty. The US-UK trade deal is also expected to have an impact on the cryptocurrency market, although the exact effects are unclear. Some experts believe that the deal could lead to more stability in the global economy and potentially boost the value of Bitcoin, while others predict a potential decline in its value."
19,DailySteals - Lovolon 5L Ultrasonic Warm & Cool Mist Humidifier $99.99,"<ul><li>The deal price using the code is $99.99, which is significantly below the stated original price of $301.36. However, the original price seems highly inflated; similar humidifiers from less es… [+1374 chars]","Sure, here's a summary of the article in 3-4 lines:

Amazon is offering a discounted price of $99.99 on a particular humidifier using a promo code, significantly below its original price of $301.36. However, the original price is considered inflated compared to similar products from less established brands. The deal is likely to attract customers looking for a budget-friendly option."
